;name;link;down_salary;top_salary;website_origin;salary_value
0;Инженер связи (г. Москва);https://hh.ru/vacancy/36656978?query=%D0%B8%D0%BD%D0%B6%D0%B5%D0%BD%D0%B5%D1%80;;150000.0;hh.ru;руб.
1;Главный инженер по разработке (инженер-программист);https://hh.ru/vacancy/36532288?query=%D0%B8%D0%BD%D0%B6%D0%B5%D0%BD%D0%B5%D1%80;;;hh.ru;
2;Специалист по автоматизации тестирования / Junior QA Automation Engineer;https://hh.ru/vacancy/36678188?query=%D0%B8%D0%BD%D0%B6%D0%B5%D0%BD%D0%B5%D1%80;;;hh.ru;
3;Инженер-конструктор (оборудование);https://hh.ru/vacancy/36671183?query=%D0%B8%D0%BD%D0%B6%D0%B5%D0%BD%D0%B5%D1%80;90000.0;;hh.ru;руб.
4;Инженер-проектировщик;https://hh.ru/vacancy/36672652?query=%D0%B8%D0%BD%D0%B6%D0%B5%D0%BD%D0%B5%D1%80;40000.0;;hh.ru;руб.
5;VoIP - Инженер;https://hh.ru/vacancy/36637430?query=%D0%B8%D0%BD%D0%B6%D0%B5%D0%BD%D0%B5%D1%80;150000.0;180000.0;hh.ru;руб.
6;Помощник кадастрового инженера;https://hh.ru/vacancy/36676247?query=%D0%B8%D0%BD%D0%B6%D0%B5%D0%BD%D0%B5%D1%80;30000.0;;hh.ru;руб.
7;Инженер слаботочных систем;https://hh.ru/vacancy/36327977?query=%D0%B8%D0%BD%D0%B6%D0%B5%D0%BD%D0%B5%D1%80;120000.0;150000.0;hh.ru;руб.
8;Инженер по качеству/входному контролю;https://hh.ru/vacancy/36669305?query=%D0%B8%D0%BD%D0%B6%D0%B5%D0%BD%D0%B5%D1%80;;;hh.ru;
9;Инженер по тестированию оборудования;https://hh.ru/vacancy/36674472?query=%D0%B8%D0%BD%D0%B6%D0%B5%D0%BD%D0%B5%D1%80;45000.0;;hh.ru;руб.
10;Инженер-схемотехник;https://hh.ru/vacancy/36386238?query=%D0%B8%D0%BD%D0%B6%D0%B5%D0%BD%D0%B5%D1%80;80000.0;;hh.ru;руб.
11;Инженер техподдержки клиентов;https://hh.ru/vacancy/36400681?query=%D0%B8%D0%BD%D0%B6%D0%B5%D0%BD%D0%B5%D1%80;70000.0;;hh.ru;руб.
12;Инженер ОТК;https://hh.ru/vacancy/36617767?query=%D0%B8%D0%BD%D0%B6%D0%B5%D0%BD%D0%B5%D1%80;60000.0;;hh.ru;руб.
13;Инженер АСУ ТП;https://hh.ru/vacancy/36637526?query=%D0%B8%D0%BD%D0%B6%D0%B5%D0%BD%D0%B5%D1%80;80000.0;;hh.ru;руб.
14;Инженер-эколог;https://hh.ru/vacancy/36671618?query=%D0%B8%D0%BD%D0%B6%D0%B5%D0%BD%D0%B5%D1%80;50000.0;70000.0;hh.ru;руб.
15;Ведущий инженер- эколог;https://hh.ru/vacancy/36663137?query=%D0%B8%D0%BD%D0%B6%D0%B5%D0%BD%D0%B5%D1%80;80000.0;;hh.ru;руб.
16;Сервисный инженер;https://hh.ru/vacancy/36532498?query=%D0%B8%D0%BD%D0%B6%D0%B5%D0%BD%D0%B5%D1%80;;;hh.ru;
17;Инженер ОТК;https://hh.ru/vacancy/36401759?query=%D0%B8%D0%BD%D0%B6%D0%B5%D0%BD%D0%B5%D1%80;70000.0;;hh.ru;руб.
18;Инженер технического надзора;https://hh.ru/vacancy/36387346?query=%D0%B8%D0%BD%D0%B6%D0%B5%D0%BD%D0%B5%D1%80;90000.0;;hh.ru;руб.
19;Инженер испытатель в ИЛ;https://hh.ru/vacancy/36433976?query=%D0%B8%D0%BD%D0%B6%D0%B5%D0%BD%D0%B5%D1%80;50000.0;80000.0;hh.ru;руб.
20;Инженер / механик технологического оборудования;https://hh.ru/vacancy/36401728?query=%D0%B8%D0%BD%D0%B6%D0%B5%D0%BD%D0%B5%D1%80;;;hh.ru;
21;Инженер IPM (Управление проектами);https://hh.ru/vacancy/36452995?query=%D0%B8%D0%BD%D0%B6%D0%B5%D0%BD%D0%B5%D1%80;;;hh.ru;
22;Инженер по конструкторской документации;https://hh.ru/vacancy/35967405?query=%D0%B8%D0%BD%D0%B6%D0%B5%D0%BD%D0%B5%D1%80;70000.0;;hh.ru;руб.
23;Инженер по диагностике автомобильных дорог;https://hh.ru/vacancy/36620529?query=%D0%B8%D0%BD%D0%B6%D0%B5%D0%BD%D0%B5%D1%80;60000.0;;hh.ru;руб.
24;Инженер нефтегазового дела;https://hh.ru/vacancy/36494585?query=%D0%B8%D0%BD%D0%B6%D0%B5%D0%BD%D0%B5%D1%80;;;hh.ru;
25;Ведущий инженер ОВиК;https://hh.ru/vacancy/36099536?query=%D0%B8%D0%BD%D0%B6%D0%B5%D0%BD%D0%B5%D1%80;100000.0;300000.0;hh.ru;руб.
26;Инженер технического надзора электроснабжения и наружного освещения;https://hh.ru/vacancy/36381740?query=%D0%B8%D0%BD%D0%B6%D0%B5%D0%BD%D0%B5%D1%80;100000.0;;hh.ru;руб.
27;Инженер;https://hh.ru/vacancy/36550590?query=%D0%B8%D0%BD%D0%B6%D0%B5%D0%BD%D0%B5%D1%80;100000.0;;hh.ru;руб.
28;Кадастровый инженер/помощник кадастрового инженера;https://hh.ru/vacancy/36526843?query=%D0%B8%D0%BD%D0%B6%D0%B5%D0%BD%D0%B5%D1%80;50000.0;140000.0;hh.ru;руб.
29;Инженер-обследователь;https://hh.ru/vacancy/36661881?query=%D0%B8%D0%BD%D0%B6%D0%B5%D0%BD%D0%B5%D1%80;80000.0;;hh.ru;руб.
30;Инженер ПТО;https://hh.ru/vacancy/36312481?query=%D0%B8%D0%BD%D0%B6%D0%B5%D0%BD%D0%B5%D1%80;80000.0;;hh.ru;руб.
31;Инженер-конструктор;https://hh.ru/vacancy/36666205?query=%D0%B8%D0%BD%D0%B6%D0%B5%D0%BD%D0%B5%D1%80;60000.0;70000.0;hh.ru;руб.
32;Инженер-испытатель;https://hh.ru/vacancy/36306134?query=%D0%B8%D0%BD%D0%B6%D0%B5%D0%BD%D0%B5%D1%80;60000.0;;hh.ru;руб.
33;Инженер по тестированию;https://hh.ru/vacancy/36631633?query=%D0%B8%D0%BD%D0%B6%D0%B5%D0%BD%D0%B5%D1%80;;;hh.ru;
34;Главный инженер проекта;https://hh.ru/vacancy/36446206?query=%D0%B8%D0%BD%D0%B6%D0%B5%D0%BD%D0%B5%D1%80;120000.0;;hh.ru;руб.
35;Инженер ПТО;https://hh.ru/vacancy/36385969?query=%D0%B8%D0%BD%D0%B6%D0%B5%D0%BD%D0%B5%D1%80;55000.0;60000.0;hh.ru;руб.
36;Инженер-сметчик;https://hh.ru/vacancy/36660334?query=%D0%B8%D0%BD%D0%B6%D0%B5%D0%BD%D0%B5%D1%80;70000.0;90000.0;hh.ru;руб.
37;Главный инженер по эксплуатации;https://hh.ru/vacancy/36593858?query=%D0%B8%D0%BD%D0%B6%D0%B5%D0%BD%D0%B5%D1%80;200000.0;;hh.ru;руб.
38;Инженер-проектировщик (ОВ, ИТП);https://hh.ru/vacancy/36563354?query=%D0%B8%D0%BD%D0%B6%D0%B5%D0%BD%D0%B5%D1%80;60000.0;;hh.ru;руб.
39;Сервисный инженер;https://hh.ru/vacancy/36673333?query=%D0%B8%D0%BD%D0%B6%D0%B5%D0%BD%D0%B5%D1%80;50000.0;80000.0;hh.ru;руб.
40;Инженер АСУТП;https://hh.ru/vacancy/36606167?query=%D0%B8%D0%BD%D0%B6%D0%B5%D0%BD%D0%B5%D1%80;70000.0;;hh.ru;руб.
41;Инженер-конструктор;https://hh.ru/vacancy/36367268?query=%D0%B8%D0%BD%D0%B6%D0%B5%D0%BD%D0%B5%D1%80;75000.0;;hh.ru;руб.
42;Инженер-электромонтажник;https://hh.ru/vacancy/36616900?query=%D0%B8%D0%BD%D0%B6%D0%B5%D0%BD%D0%B5%D1%80;60000.0;60000.0;hh.ru;руб.
43;Инженер-конструктор;https://hh.ru/vacancy/36292009?query=%D0%B8%D0%BD%D0%B6%D0%B5%D0%BD%D0%B5%D1%80;50000.0;80000.0;hh.ru;руб.
44;Ведущий инженер-сметчик;https://hh.ru/vacancy/36291532?query=%D0%B8%D0%BD%D0%B6%D0%B5%D0%BD%D0%B5%D1%80;100000.0;110000.0;hh.ru;руб.
45;Инженер по эксплуатации оборудования (пищевое производство);https://hh.ru/vacancy/36449017?query=%D0%B8%D0%BD%D0%B6%D0%B5%D0%BD%D0%B5%D1%80;60000.0;;hh.ru;руб.
46;Инженер-конструктор;https://hh.ru/vacancy/36387035?query=%D0%B8%D0%BD%D0%B6%D0%B5%D0%BD%D0%B5%D1%80;50000.0;80000.0;hh.ru;руб.
47;Инженер ПТО;https://hh.ru/vacancy/36691714?query=%D0%B8%D0%BD%D0%B6%D0%B5%D0%BD%D0%B5%D1%80;80000.0;90000.0;hh.ru;руб.
48;Ведущий инженер-схемотехник РЭА;https://hh.ru/vacancy/36401722?query=%D0%B8%D0%BD%D0%B6%D0%B5%D0%BD%D0%B5%D1%80;110000.0;;hh.ru;руб.
49;Ведущий инженер - проектировщик КЖ (мосты и путепроводы);https://hh.ru/vacancy/36533117?query=%D0%B8%D0%BD%D0%B6%D0%B5%D0%BD%D0%B5%D1%80;90000.0;;hh.ru;руб.
